{
  "controller/BaseController.js.map": 1770710328162,
  "util/TemplatesTableHelper.js": 1765518488512,
  "model/data/attributeTypes.json": 1765518488508,
  "util/AttributesTableHelper.js": 1765518488512,
  "util/AttributeGroupTableHelper.js": 1765263613001,
  "model/models.js": 1765173628107,
  "model/formatter.js": 1765518488508,
  "controller/Templates.controller.js": 1770705747994,
  "controller/CreateTemplate.controller.js": 1770705747994,
  "controller/CreateAttributes.controller.js": 1766035261572,
  "controller/CreateAttributeGroup.controller.js": 1765518488504,
  "controller/BaseController.js": 1766035261572,
  "controller/Attributes.controller.js": 1766035261572,
  "controller/AttributeGroups.controller.js": 1766035261572,
  "controller/App.controller.js": 1765173628107,
  "manifest.json": 1765173628107,
  "Component.js": 1770705747994,
  "controller/Attributes-dbg.controller.js": 1766035261572,
  "controller/Attributes.controller.js.map": 1770710328138,
  "util/AttributesTableHelper-dbg.js": 1765518488512,
  "util/AttributesTableHelper.js.map": 1770710328093,
  "util/AttributeGroupTableHelper-dbg.js": 1765263613001,
  "util/AttributeGroupTableHelper.js.map": 1770710328093,
  "model/models-dbg.js": 1765173628107,
  "model/models.js.map": 1770710328090,
  "model/formatter-dbg.js": 1765518488508,
  "model/formatter.js.map": 1770710328140,
  "controller/Templates-dbg.controller.js": 1770705747994,
  "controller/Templates.controller.js.map": 1770710328151,
  "controller/CreateTemplate-dbg.controller.js": 1770705747994,
  "controller/CreateTemplate.controller.js.map": 1770710328240,
  "controller/CreateAttributes-dbg.controller.js": 1766035261572,
  "controller/CreateAttributes.controller.js.map": 1770710328254,
  "controller/CreateAttributeGroup-dbg.controller.js": 1765518488504,
  "controller/CreateAttributeGroup.controller.js.map": 1770710328255,
  "controller/BaseController-dbg.js": 1766035261572,
  "i18n/i18n.properties": 1770705747994,
  "util/TemplatesTableHelper-dbg.js": 1765518488512,
  "util/TemplatesTableHelper.js.map": 1770710328168,
  "controller/AttributeGroups-dbg.controller.js": 1766035261572,
  "controller/AttributeGroups.controller.js.map": 1770710328246,
  "controller/App-dbg.controller.js": 1765173628107,
  "controller/App.controller.js.map": 1770710328243,
  "Component-dbg.js": 1770705747994,
  "Component.js.map": 1770710328252,
  "Component-preload.js": 1770710328566,
  "Component-preload.js.map": 1770710328566,
  "fragments/templates/AddAttributeGroup.fragment.xml": 1765518488508,
  "fragments/attributegroups/AddAttributes.fragment.xml": 1765518488508,
  "view/Templates.view.xml": 1770710311887,
  "view/CreateTemplate.view.xml": 1770710328231,
  "view/CreateAttributes.view.xml": 1770705747994,
  "view/CreateAttributeGroup.view.xml": 1770705747994,
  "view/Attributes.view.xml": 1770705747994,
  "view/AttributeGroups.view.xml": 1770705747994,
  "view/App.view.xml": 1770706371075,
  "fragments/SideNavigation.fragment.xml": 1765263613001,
  "css/style.css": 1765173628107,
  "index.html": 1765173628107
}