{
  "Component-preload.js": 1770706014920,
  "Component.js": 1770705747994,
  "util/TemplatesTableHelper.js": 1765518488512,
  "util/AttributesTableHelper.js": 1765518488512,
  "util/AttributeGroupTableHelper.js": 1765263613001,
  "model/models.js": 1765173628107,
  "model/formatter.js": 1765518488508,
  "controller/Templates.controller.js": 1770705747994,
  "controller/CreateTemplate.controller.js": 1770705747994,
  "controller/CreateAttributes.controller.js": 1766035261572,
  "controller/CreateAttributeGroup.controller.js": 1765518488504,
  "controller/BaseController.js": 1766035261572,
  "controller/Attributes.controller.js": 1766035261572,
  "controller/AttributeGroups.controller.js": 1766035261572,
  "controller/App.controller.js": 1765173628107,
  "manifest.json": 1765173628107,
  "model/data/attributeTypes.json": 1765518488508,
  "util/TemplatesTableHelper-dbg.js": 1765518488512,
  "util/TemplatesTableHelper.js.map": 1770706014500,
  "Component-dbg.js": 1770705747994,
  "Component.js.map": 1770706014560,
  "util/AttributesTableHelper-dbg.js": 1765518488512,
  "util/AttributesTableHelper.js.map": 1770706014554,
  "util/AttributeGroupTableHelper-dbg.js": 1765263613001,
  "util/AttributeGroupTableHelper.js.map": 1770706014499,
  "model/models-dbg.js": 1765173628107,
  "model/models.js.map": 1770706014501,
  "model/formatter-dbg.js": 1765518488508,
  "model/formatter.js.map": 1770706014556,
  "controller/Templates-dbg.controller.js": 1770705747994,
  "controller/Templates.controller.js.map": 1770706014552,
  "controller/CreateTemplate-dbg.controller.js": 1770705747994,
  "controller/CreateTemplate.controller.js.map": 1770706014658,
  "controller/CreateAttributes-dbg.controller.js": 1766035261572,
  "controller/CreateAttributes.controller.js.map": 1770706014682,
  "controller/CreateAttributeGroup-dbg.controller.js": 1765518488504,
  "controller/CreateAttributeGroup.controller.js.map": 1770706014671,
  "controller/BaseController-dbg.js": 1766035261572,
  "controller/BaseController.js.map": 1770706014579,
  "controller/Attributes-dbg.controller.js": 1766035261572,
  "controller/Attributes.controller.js.map": 1770706014648,
  "controller/AttributeGroups-dbg.controller.js": 1766035261572,
  "controller/AttributeGroups.controller.js.map": 1770706014671,
  "controller/App-dbg.controller.js": 1765173628107,
  "controller/App.controller.js.map": 1770706014671,
  "i18n/i18n.properties": 1770705747994,
  "Component-preload.js.map": 1770706014921,
  "fragments/templates/AddAttributeGroup.fragment.xml": 1765518488508,
  "fragments/attributegroups/AddAttributes.fragment.xml": 1765518488508,
  "view/Templates.view.xml": 1770705747994,
  "view/CreateTemplate.view.xml": 1770705747994,
  "view/CreateAttributes.view.xml": 1770705747994,
  "view/CreateAttributeGroup.view.xml": 1770705747994,
  "view/Attributes.view.xml": 1770705747994,
  "view/AttributeGroups.view.xml": 1770705747994,
  "view/App.view.xml": 1770705747994,
  "fragments/SideNavigation.fragment.xml": 1765263613001,
  "css/style.css": 1765173628107,
  "index.html": 1765173628107
}