{
  "controller/BaseController.js": 1766035261572,
  "util/AttributesTableHelper.js": 1765518488512,
  "model/models.js": 1765173628107,
  "model/formatter.js": 1765518488508,
  "util/TemplatesTableHelper.js": 1765518488512,
  "model/data/attributeTypes.json": 1765518488508,
  "util/AttributeGroupTableHelper.js": 1765263613001,
  "controller/ViewTemplate.controller.js": 1771222272410,
  "controller/Templates.controller.js": 1771219638434,
  "controller/CreateTemplate.controller.js": 1771304914492,
  "controller/CreateAttributes.controller.js": 1766035261572,
  "controller/CreateAttributeGroup.controller.js": 1765518488504,
  "i18n/i18n.properties": 1770705747994,
  "controller/Attributes.controller.js": 1770894773998,
  "controller/AttributeGroups.controller.js": 1770894785294,
  "controller/App.controller.js": 1770898628832,
  "manifest.json": 1772176030952,
  "Component.js": 1770787148463,
  "controller/App-dbg.controller.js": 1770898628832,
  "controller/App.controller.js.map": 1772443665086,
  "model/models-dbg.js": 1765173628107,
  "model/models.js.map": 1772443665097,
  "model/formatter-dbg.js": 1765518488508,
  "model/formatter.js.map": 1772443665128,
  "util/TemplatesTableHelper-dbg.js": 1765518488512,
  "util/TemplatesTableHelper.js.map": 1772443665110,
  "util/AttributeGroupTableHelper-dbg.js": 1765263613001,
  "util/AttributeGroupTableHelper.js.map": 1772443665095,
  "controller/ViewTemplate-dbg.controller.js": 1771222272410,
  "controller/ViewTemplate.controller.js.map": 1772443665106,
  "controller/Templates-dbg.controller.js": 1771219638434,
  "controller/Templates.controller.js.map": 1772443665116,
  "controller/CreateTemplate-dbg.controller.js": 1771304914492,
  "controller/CreateTemplate.controller.js.map": 1772443665200,
  "controller/CreateAttributes-dbg.controller.js": 1766035261572,
  "controller/CreateAttributes.controller.js.map": 1772443665212,
  "controller/CreateAttributeGroup-dbg.controller.js": 1765518488504,
  "controller/CreateAttributeGroup.controller.js.map": 1772443665205,
  "controller/BaseController-dbg.js": 1766035261572,
  "controller/BaseController.js.map": 1772443665184,
  "controller/Attributes-dbg.controller.js": 1770894773998,
  "controller/Attributes.controller.js.map": 1772443665204,
  "controller/AttributeGroups-dbg.controller.js": 1770894785294,
  "controller/AttributeGroups.controller.js.map": 1772443665213,
  "util/AttributesTableHelper-dbg.js": 1765518488512,
  "util/AttributesTableHelper.js.map": 1772443665212,
  "Component-dbg.js": 1770787148463,
  "Component.js.map": 1772443665210,
  "Component-preload.js": 1772443665474,
  "Component-preload.js.map": 1772443665474,
  "fragments/templates/AddAttributeGroup.fragment.xml": 1765518488508,
  "fragments/attributegroups/AddAttributes.fragment.xml": 1765518488508,
  "view/ViewTemplate.view.xml": 1771304816892,
  "view/Templates.view.xml": 1771219627894,
  "view/CreateTemplate.view.xml": 1771304793276,
  "view/CreateAttributes.view.xml": 1770705747994,
  "view/CreateAttributeGroup.view.xml": 1770705747994,
  "view/Attributes.view.xml": 1770705747994,
  "view/AttributeGroups.view.xml": 1770705747994,
  "view/App.view.xml": 1770706371075,
  "fragments/SideNavigation.fragment.xml": 1765263613001,
  "css/style.css": 1765173628107,
  "index.html": 1765173628107
}