{
  "util/AttributeGroupTableHelper-dbg.js": 1765263613001,
  "controller/BaseController.js": 1766035261572,
  "util/TemplatesTableHelper.js": 1765518488512,
  "util/AttributesTableHelper.js": 1765518488512,
  "util/AttributeGroupTableHelper.js": 1765263613001,
  "model/models.js": 1765173628107,
  "model/formatter.js": 1765518488508,
  "controller/Templates.controller.js": 1770894760938,
  "controller/CreateTemplate.controller.js": 1770787900067,
  "controller/CreateAttributes.controller.js": 1766035261572,
  "controller/CreateAttributeGroup.controller.js": 1765518488504,
  "model/data/attributeTypes.json": 1765518488508,
  "controller/Attributes.controller.js": 1770894773998,
  "controller/AttributeGroups.controller.js": 1770894785294,
  "controller/App.controller.js": 1770898628832,
  "manifest.json": 1765173628107,
  "Component.js": 1770787148463,
  "controller/Templates-dbg.controller.js": 1770894760938,
  "controller/Templates.controller.js.map": 1770969016171,
  "util/TemplatesTableHelper-dbg.js": 1765518488512,
  "util/TemplatesTableHelper.js.map": 1770969016147,
  "util/AttributesTableHelper-dbg.js": 1765518488512,
  "util/AttributesTableHelper.js.map": 1770969016103,
  "i18n/i18n.properties": 1770705747994,
  "util/AttributeGroupTableHelper.js.map": 1770969016147,
  "model/models-dbg.js": 1765173628107,
  "model/models.js.map": 1770969016147,
  "model/formatter-dbg.js": 1765518488508,
  "model/formatter.js.map": 1770969016168,
  "controller/BaseController-dbg.js": 1766035261572,
  "controller/BaseController.js.map": 1770969016159,
  "controller/CreateTemplate-dbg.controller.js": 1770787900067,
  "controller/CreateTemplate.controller.js.map": 1770969016271,
  "controller/CreateAttributes-dbg.controller.js": 1766035261572,
  "controller/CreateAttributes.controller.js.map": 1770969016264,
  "controller/CreateAttributeGroup-dbg.controller.js": 1765518488504,
  "controller/CreateAttributeGroup.controller.js.map": 1770969016282,
  "controller/Attributes-dbg.controller.js": 1770894773998,
  "controller/Attributes.controller.js.map": 1770969016251,
  "controller/AttributeGroups-dbg.controller.js": 1770894785294,
  "controller/AttributeGroups.controller.js.map": 1770969016269,
  "controller/App-dbg.controller.js": 1770898628832,
  "controller/App.controller.js.map": 1770969016265,
  "Component-dbg.js": 1770787148463,
  "Component.js.map": 1770969016269,
  "Component-preload.js": 1770969016619,
  "Component-preload.js.map": 1770969016620,
  "fragments/templates/AddAttributeGroup.fragment.xml": 1765518488508,
  "fragments/attributegroups/AddAttributes.fragment.xml": 1765518488508,
  "view/Templates.view.xml": 1770786238584,
  "view/CreateTemplate.view.xml": 1770714408850,
  "view/CreateAttributes.view.xml": 1770705747994,
  "view/CreateAttributeGroup.view.xml": 1770705747994,
  "view/Attributes.view.xml": 1770705747994,
  "view/AttributeGroups.view.xml": 1770705747994,
  "view/App.view.xml": 1770706371075,
  "css/style.css": 1765173628107,
  "fragments/SideNavigation.fragment.xml": 1765263613001,
  "index.html": 1765173628107
}