{
  "view/Templates.view.xml": 1771219627894,
  "manifest.json": 1771219657475,
  "util/TemplatesTableHelper.js": 1765518488512,
  "util/AttributesTableHelper.js": 1765518488512,
  "util/AttributeGroupTableHelper.js": 1765263613001,
  "model/models.js": 1765173628107,
  "model/formatter.js": 1765518488508,
  "controller/ViewTemplate.controller.js": 1771222272410,
  "controller/Templates.controller.js": 1771219638434,
  "controller/CreateTemplate.controller.js": 1771222254322,
  "controller/CreateAttributes.controller.js": 1766035261572,
  "controller/CreateAttributeGroup.controller.js": 1765518488504,
  "controller/BaseController.js": 1766035261572,
  "controller/Attributes.controller.js": 1770894773998,
  "controller/AttributeGroups.controller.js": 1770894785294,
  "controller/App.controller.js": 1770898628832,
  "model/data/attributeTypes.json": 1765518488508,
  "Component.js": 1770787148463,
  "controller/CreateTemplate-dbg.controller.js": 1771222254322,
  "controller/CreateTemplate.controller.js.map": 1771222313605,
  "util/AttributesTableHelper-dbg.js": 1765518488512,
  "util/AttributesTableHelper.js.map": 1771222313497,
  "util/AttributeGroupTableHelper-dbg.js": 1765263613001,
  "util/AttributeGroupTableHelper.js.map": 1771222313513,
  "model/models-dbg.js": 1765173628107,
  "model/models.js.map": 1771222313514,
  "model/formatter-dbg.js": 1765518488508,
  "model/formatter.js.map": 1771222313517,
  "controller/ViewTemplate-dbg.controller.js": 1771222272410,
  "controller/ViewTemplate.controller.js.map": 1771222313577,
  "controller/Templates-dbg.controller.js": 1771219638434,
  "controller/Templates.controller.js.map": 1771222313578,
  "util/TemplatesTableHelper-dbg.js": 1765518488512,
  "util/TemplatesTableHelper.js.map": 1771222313566,
  "controller/CreateAttributes-dbg.controller.js": 1766035261572,
  "controller/CreateAttributes.controller.js.map": 1771222313671,
  "controller/CreateAttributeGroup-dbg.controller.js": 1765518488504,
  "controller/CreateAttributeGroup.controller.js.map": 1771222313679,
  "controller/BaseController-dbg.js": 1766035261572,
  "controller/BaseController.js.map": 1771222313588,
  "controller/Attributes-dbg.controller.js": 1770894773998,
  "controller/Attributes.controller.js.map": 1771222313606,
  "controller/AttributeGroups-dbg.controller.js": 1770894785294,
  "controller/AttributeGroups.controller.js.map": 1771222313681,
  "controller/App-dbg.controller.js": 1770898628832,
  "controller/App.controller.js.map": 1771222313664,
  "Component-dbg.js": 1770787148463,
  "Component.js.map": 1771222313669,
  "Component-preload.js": 1771222313925,
  "Component-preload.js.map": 1771222313925,
  "fragments/templates/AddAttributeGroup.fragment.xml": 1765518488508,
  "fragments/attributegroups/AddAttributes.fragment.xml": 1765518488508,
  "view/ViewTemplate.view.xml": 1771219678935,
  "i18n/i18n.properties": 1770705747994,
  "view/CreateTemplate.view.xml": 1771221344817,
  "view/CreateAttributes.view.xml": 1770705747994,
  "view/CreateAttributeGroup.view.xml": 1770705747994,
  "view/Attributes.view.xml": 1770705747994,
  "view/AttributeGroups.view.xml": 1770705747994,
  "view/App.view.xml": 1770706371075,
  "css/style.css": 1765173628107,
  "fragments/SideNavigation.fragment.xml": 1765263613001,
  "index.html": 1765173628107
}