{
  "fragments/Attachments.fragment.xml": 1770705747998,
  "controller/Contracts.controller.js": 1770715565098,
  "model/models.js": 1765173628111,
  "model/details.json": 1770712445441,
  "model/contract.json": 1765545343149,
  "util/DetailsFactory.js": 1770893041728,
  "controller/ContractDetails.controller.js": 1771304948848,
  "controller/BaseController.js": 1770899902474,
  "controller/App.controller.js": 1765173628111,
  "manifest.json": 1765518488528,
  "Component.js": 1770885105492,
  "controller/App-dbg.controller.js": 1765173628111,
  "controller/App.controller.js.map": 1771305149288,
  "model/models-dbg.js": 1765173628111,
  "model/models.js.map": 1771305149319,
  "util/DetailsFactory-dbg.js": 1770893041728,
  "util/DetailsFactory.js.map": 1771305149320,
  "controller/ContractDetails-dbg.controller.js": 1771304948848,
  "controller/ContractDetails.controller.js.map": 1771305149413,
  "controller/BaseController-dbg.js": 1770899902474,
  "controller/BaseController.js.map": 1771305149317,
  "controller/Contracts-dbg.controller.js": 1770715565098,
  "controller/Contracts.controller.js.map": 1771305149398,
  "Component-dbg.js": 1770885105492,
  "Component.js.map": 1771305149380,
  "Component-preload.js": 1771305149588,
  "Component-preload.js.map": 1771305149588,
  "view/Contracts.view.xml": 1770786251536,
  "view/ContractDetails.view.xml": 1770786262688,
  "view/App.view.xml": 1770705747998,
  "css/style.css": 1765545246921,
  "fragments/Preview.fragment.xml": 1771304941820,
  "fragments/Details.fragment.xml": 1765545313069,
  "fragments/BusyDialog.fragment.xml": 1765518488528,
  "fragments/BasicInformation.fragment.xml": 1771304930416,
  "i18n/i18n.properties": 1770705747998,
  "index.html": 1765173628111
}