{
  "util/DetailsFactory.js": 1770893041728,
  "model/formatter.js": 1772107760606,
  "model/models.js": 1765173628111,
  "i18n/i18n.properties": 1770705747998,
  "model/details.json": 1770712445441,
  "model/contract.json": 1765545343149,
  "controller/Contracts.controller.js": 1772107776210,
  "controller/ContractDetails.controller.js": 1772105628295,
  "controller/BaseController.js": 1770899902474,
  "controller/App.controller.js": 1765173628111,
  "manifest.json": 1765518488528,
  "Component.js": 1771306887176,
  "Component-dbg.js": 1771306887176,
  "Component.js.map": 1772107824440,
  "model/models-dbg.js": 1765173628111,
  "model/models.js.map": 1772107824379,
  "util/DetailsFactory-dbg.js": 1770893041728,
  "util/DetailsFactory.js.map": 1772107824393,
  "controller/Contracts-dbg.controller.js": 1772107776210,
  "controller/Contracts.controller.js.map": 1772107824472,
  "controller/ContractDetails-dbg.controller.js": 1772105628295,
  "controller/ContractDetails.controller.js.map": 1772107824485,
  "controller/BaseController-dbg.js": 1770899902474,
  "controller/BaseController.js.map": 1772107824449,
  "controller/App-dbg.controller.js": 1765173628111,
  "controller/App.controller.js.map": 1772107824443,
  "model/formatter-dbg.js": 1772107760606,
  "model/formatter.js.map": 1772107824446,
  "Component-preload.js": 1772107824659,
  "Component-preload.js.map": 1772107824659,
  "view/Contracts.view.xml": 1772107784070,
  "view/ContractDetails.view.xml": 1770786262688,
  "view/App.view.xml": 1770705747998,
  "fragments/Preview.fragment.xml": 1771304941820,
  "fragments/Details.fragment.xml": 1765545313069,
  "fragments/BusyDialog.fragment.xml": 1765518488528,
  "fragments/BasicInformation.fragment.xml": 1771304930416,
  "fragments/Attachments.fragment.xml": 1770705747998,
  "css/style.css": 1765545246921,
  "index.html": 1765173628111
}