{
  "Component.js.map": 1771222318121,
  "Component.js": 1770885105492,
  "model/models.js": 1765173628111,
  "model/details.json": 1770712445441,
  "model/contract.json": 1765545343149,
  "controller/Contracts.controller.js": 1770715565098,
  "controller/ContractDetails.controller.js": 1770901263748,
  "controller/BaseController.js": 1770899902474,
  "controller/App.controller.js": 1765173628111,
  "manifest.json": 1765518488528,
  "util/DetailsFactory.js": 1770893041728,
  "controller/Contracts-dbg.controller.js": 1770715565098,
  "controller/Contracts.controller.js.map": 1771222318208,
  "model/models-dbg.js": 1765173628111,
  "model/models.js.map": 1771222318121,
  "Component-dbg.js": 1770885105492,
  "i18n/i18n.properties": 1770705747998,
  "controller/ContractDetails-dbg.controller.js": 1770901263748,
  "controller/ContractDetails.controller.js.map": 1771222318221,
  "controller/BaseController-dbg.js": 1770899902474,
  "controller/BaseController.js.map": 1771222318179,
  "controller/App-dbg.controller.js": 1765173628111,
  "controller/App.controller.js.map": 1771222318125,
  "util/DetailsFactory-dbg.js": 1770893041728,
  "util/DetailsFactory.js.map": 1771222318184,
  "Component-preload.js": 1771222318466,
  "Component-preload.js.map": 1771222318466,
  "view/Contracts.view.xml": 1770786251536,
  "view/ContractDetails.view.xml": 1770786262688,
  "view/App.view.xml": 1770705747998,
  "fragments/Preview.fragment.xml": 1770788701562,
  "fragments/Details.fragment.xml": 1765545313069,
  "fragments/BusyDialog.fragment.xml": 1765518488528,
  "fragments/BasicInformation.fragment.xml": 1770788100371,
  "fragments/Attachments.fragment.xml": 1770705747998,
  "css/style.css": 1765545246921,
  "index.html": 1765173628111
}