{
  "controller/Contracts-dbg.controller.js": 1770715565098,
  "controller/Contracts.controller.js": 1770715565098,
  "model/models.js": 1765173628111,
  "model/details.json": 1770712445441,
  "model/contract.json": 1765545343149,
  "util/DetailsFactory.js": 1765545362305,
  "controller/ContractDetails.controller.js": 1770788191375,
  "controller/BaseController.js": 1770705747998,
  "controller/App.controller.js": 1765173628111,
  "manifest.json": 1765518488528,
  "Component.js": 1770787134271,
  "Component-dbg.js": 1770787134271,
  "Component.js.map": 1770797409466,
  "model/models-dbg.js": 1765173628111,
  "model/models.js.map": 1770797409451,
  "util/DetailsFactory-dbg.js": 1765545362305,
  "util/DetailsFactory.js.map": 1770797409460,
  "controller/ContractDetails-dbg.controller.js": 1770788191375,
  "controller/ContractDetails.controller.js.map": 1770797409569,
  "controller/BaseController-dbg.js": 1770705747998,
  "controller/BaseController.js.map": 1770797409471,
  "controller/App-dbg.controller.js": 1765173628111,
  "controller/App.controller.js.map": 1770797409462,
  "i18n/i18n.properties": 1770705747998,
  "controller/Contracts.controller.js.map": 1770797409540,
  "Component-preload.js": 1770797409709,
  "Component-preload.js.map": 1770797409709,
  "view/Contracts.view.xml": 1770786251536,
  "view/ContractDetails.view.xml": 1770786262688,
  "view/App.view.xml": 1770705747998,
  "fragments/Preview.fragment.xml": 1770788701562,
  "fragments/Details.fragment.xml": 1765545313069,
  "fragments/BusyDialog.fragment.xml": 1765518488528,
  "fragments/BasicInformation.fragment.xml": 1770788100371,
  "fragments/Attachments.fragment.xml": 1770705747998,
  "css/style.css": 1765545246921,
  "index.html": 1765173628111
}