{
  "fragments/BusyDialog.fragment.xml": 1765518488528,
  "controller/App.controller.js": 1765173628111,
  "model/models.js": 1765173628111,
  "model/formatter.js": 1772170626337,
  "model/details.json": 1770712445441,
  "model/contract.json": 1765545343149,
  "controller/Contracts.controller.js": 1772432027717,
  "controller/ContractDetails.controller.js": 1772169527533,
  "controller/BaseController.js": 1770899902474,
  "util/DetailsFactory.js": 1772169511385,
  "manifest.json": 1772176032564,
  "Component.js": 1772431607312,
  "model/formatter-dbg.js": 1772170626337,
  "model/formatter.js.map": 1772442679318,
  "model/models-dbg.js": 1765173628111,
  "model/models.js.map": 1772442679320,
  "controller/App-dbg.controller.js": 1765173628111,
  "controller/App.controller.js.map": 1772442679321,
  "controller/Contracts-dbg.controller.js": 1772432027717,
  "controller/Contracts.controller.js.map": 1772442679402,
  "controller/ContractDetails-dbg.controller.js": 1772169527533,
  "controller/ContractDetails.controller.js.map": 1772442679408,
  "controller/BaseController-dbg.js": 1770899902474,
  "controller/BaseController.js.map": 1772442679386,
  "util/DetailsFactory-dbg.js": 1772169511385,
  "util/DetailsFactory.js.map": 1772442679380,
  "Component-dbg.js": 1772431607312,
  "Component.js.map": 1772442679386,
  "Component-preload.js": 1772442679554,
  "Component-preload.js.map": 1772442679554,
  "view/Contracts.view.xml": 1772432015022,
  "view/ContractDetails.view.xml": 1770786262688,
  "view/App.view.xml": 1770705747998,
  "css/style.css": 1765545246921,
  "fragments/Preview.fragment.xml": 1771304941820,
  "fragments/Details.fragment.xml": 1765545313069,
  "i18n/i18n.properties": 1770705747998,
  "fragments/BasicInformation.fragment.xml": 1771304930416,
  "fragments/Attachments.fragment.xml": 1770705747998,
  "index.html": 1765173628111
}