{
  "index.html": 1765173628111,
  "controller/ContractDetails.controller.js": 1770716057507,
  "model/models.js": 1765173628111,
  "model/details.json": 1770712445441,
  "model/contract.json": 1765545343149,
  "controller/Contracts.controller.js": 1770715565098,
  "util/DetailsFactory.js": 1765545362305,
  "controller/BaseController.js": 1770705747998,
  "controller/App.controller.js": 1765173628111,
  "manifest.json": 1765518488528,
  "Component.js": 1770716347496,
  "controller/ContractDetails-dbg.controller.js": 1770716057507,
  "controller/ContractDetails.controller.js.map": 1770732775379,
  "model/models-dbg.js": 1765173628111,
  "model/models.js.map": 1770732775289,
  "controller/Contracts-dbg.controller.js": 1770715565098,
  "controller/Contracts.controller.js.map": 1770732775371,
  "util/DetailsFactory-dbg.js": 1765545362305,
  "util/DetailsFactory.js.map": 1770732775295,
  "controller/BaseController-dbg.js": 1770705747998,
  "controller/BaseController.js.map": 1770732775358,
  "controller/App-dbg.controller.js": 1765173628111,
  "controller/App.controller.js.map": 1770732775339,
  "Component-dbg.js": 1770716347496,
  "Component.js.map": 1770732775350,
  "Component-preload.js": 1770732775561,
  "Component-preload.js.map": 1770732775561,
  "view/Contracts.view.xml": 1770711646710,
  "view/ContractDetails.view.xml": 1766405128837,
  "view/App.view.xml": 1770705747998,
  "fragments/Preview.fragment.xml": 1770705747998,
  "fragments/Details.fragment.xml": 1765545313069,
  "fragments/BusyDialog.fragment.xml": 1765518488528,
  "fragments/BasicInformation.fragment.xml": 1770705747998,
  "fragments/Attachments.fragment.xml": 1770705747998,
  "css/style.css": 1765545246921,
  "i18n/i18n.properties": 1770705747998
}