{
  "controller/BaseController-dbg.js": 1770899902474,
  "controller/ContractDetails.controller.js": 1771310145230,
  "model/models.js": 1765173628111,
  "model/details.json": 1770712445441,
  "model/contract.json": 1765545343149,
  "controller/Contracts.controller.js": 1770715565098,
  "util/DetailsFactory.js": 1770893041728,
  "controller/BaseController.js": 1770899902474,
  "controller/App.controller.js": 1765173628111,
  "manifest.json": 1765518488528,
  "Component.js": 1771306887176,
  "model/models-dbg.js": 1765173628111,
  "model/models.js.map": 1772024938374,
  "controller/ContractDetails-dbg.controller.js": 1771310145230,
  "controller/ContractDetails.controller.js.map": 1772024938453,
  "controller/Contracts-dbg.controller.js": 1770715565098,
  "controller/Contracts.controller.js.map": 1772024938443,
  "util/DetailsFactory-dbg.js": 1770893041728,
  "util/DetailsFactory.js.map": 1772024938425,
  "i18n/i18n.properties": 1770705747998,
  "controller/BaseController.js.map": 1772024938432,
  "controller/App-dbg.controller.js": 1765173628111,
  "controller/App.controller.js.map": 1772024938428,
  "Component-dbg.js": 1771306887176,
  "Component.js.map": 1772024938437,
  "Component-preload.js": 1772024938615,
  "Component-preload.js.map": 1772024938615,
  "view/Contracts.view.xml": 1771312959912,
  "view/ContractDetails.view.xml": 1770786262688,
  "view/App.view.xml": 1770705747998,
  "fragments/Preview.fragment.xml": 1771304941820,
  "fragments/Details.fragment.xml": 1765545313069,
  "fragments/BusyDialog.fragment.xml": 1765518488528,
  "fragments/BasicInformation.fragment.xml": 1771304930416,
  "fragments/Attachments.fragment.xml": 1770705747998,
  "css/style.css": 1765545246921,
  "index.html": 1765173628111
}